Date,Title,Link,Source
2020-03-12 07:00:00,"Thai stocks tumbles, SET drops nearly 6% - Thaiger",https://news.google.com/rss/articles/CBMihAFBVV95cUxPRFg4ZVNrMDlsUmM0dW0tSlJkTkFZc0dyZEEyWENGSWYwSV84cHMzdkV6Y2FCTENvTGpYWXhhNkFTaElVYTAwOGlrcVJsclVUX2lnZHJub3BqeUtvSmkyTXBxT0hVbWtOa0NDU3NCYmxwNUVsUjZIWnVULVBSeHdfQkhhNFI?oc=5,Thaiger
2020-09-25 07:00:00,SCG Packaging’s IPO expected to shake up the market - Nation Thailand,https://news.google.com/rss/articles/CBMiV0FVX3lxTE9HenVTUXVsR01sbG1EY0ZpQlF3MVVISW9JNlhZOTZGZndhQTlNTmJxalBoZzIyMy1lZVUyTG9OeWlwZXUxb2N2QW5naFdocTRNTWw0c2dWOA?oc=5,Nation Thailand
2020-12-30 08:00:00,SET mulls measures after Delta surge - bangkokpost.com,https://news.google.com/rss/articles/CBMikwFBVV95cUxOcmVScVlYR1JPX3BEN0tVcU1BLXpmZ3EtdEF3clZYLTFXWWltMFhsQUxtMHRLbG5IbVJ6bkJJVGx3enJSWE9GQ0RmLUVvaVRGSnh0NFFpVXNDNDlMTk5LS2taSkdMNnpJTndiUFpMa0dmSmxJZjRHMFhsTXVnMDBFMFBSaVJrbzhCd0RXOFQwbHFfdlU?oc=5,bangkokpost.com
2021-01-06 08:00:00,SET prepares to revise SET50 standards - bangkokpost.com,https://news.google.com/rss/articles/CBMilgFBVV95cUxOUlpnWmo5OGhhQk95cVpmWV84UWtPRG5XbUtybUt1ajBac2htM185M3NJVFpZZFM5dkFjZi0yQXE0QW9IQkdnN1FYU093VXpFRGhiaXBoWks5TGtkNWJTUXpKUTVlTjlub2VXbU1URWNQYUR4NUJPYi1FMFoyemR1YWVzZkg3TVF4VmJ5eWtzZ25MTF85SlE?oc=5,bangkokpost.com
2021-03-20 07:00:00,New methodology for three indices to commence in July - bangkokpost.com,https://news.google.com/rss/articles/CBMiqgFBVV95cUxONk05UjdQS1Y4Vmd5Sk42N3dVQlBqdi1WanZWWjB3NE1Xd1Exck5rdi1wZHdJTzQ3RXN4Y0JIU0ttVHZabDZqa05nX1REYVRaVzBTZ3ZxU18yVHBDMjdkUmhmUkYzWl9VWENwSlhEQzZ2OGRhVVZVRll6LXNjeHZIdjJCbW1reTlfZ3psN2NFb3MxS2RQQU9DOEpabVBpcFNEUzdWRmpVdWM2QQ?oc=5,bangkokpost.com
2022-07-22 07:00:00,"Six stocks face removal from the SET50, with IRPC and BLA most at risk - kaohoon international",https://news.google.com/rss/articles/CBMiYEFVX3lxTFBFZFNsVmhBMF92Nlc2T2pjaFpyREZGQUdiaURPcm9sS0g3eGdvYkNpMko2NlpENjZRZjBKNFhrQUlialNGNXBOYkJZQlBJT1lhU296MTlESTY1UjU5Z3FHLQ?oc=5,kaohoon international
2023-03-01 08:00:00,SET Index Series Announcement :Mergers & Acquisitions of TRUE and DTAC - SET,https://news.google.com/rss/articles/CBMiiwFBVV95cUxPcFl2RUtXVlpZV2FlaGRrOW9xQlJ2ajRVWUJCN1ZhVE1oYVN1cW80SDdEZFFHOXRnSnNtVEtXYWk0bWxSaWd4aUwyVzBLMFdORFh3Q3lZeGhVcVEzd1lJVHBSd2N1UHg5QnFHQUJ2bTdzcGxjU2ZhQ0JWVWVIVE1LUmJPUWNEcWlObWN3?oc=5,SET
2023-05-23 07:00:00,Retail investors in Singapore can invest in Thai blue chips from May 30 - The Straits Times,https://news.google.com/rss/articles/CBMirgFBVV95cUxOU3h6RnFWeUxQT0cwZ0VtNkJRd3RRZ1dib2g4ZFNvUGljVjJkZW5mcWNLNmhZT1VKNHFUSG14b2xsTVlOR1phbmQ1MkxNSXhDTi1NcGV6aXNicnl6dy0wa0VEVURrQ245QlNFMGVTZlRLSDJrSFgyU3lzU3BfeklkTzlsUFh6VHRqUXFqdElXOERURmRVMS1UMjRoOWtqRjVJWnd4N3N6cXh2dHF0SXc?oc=5,The Straits Times
2023-08-09 07:00:00,Thai Banks to Benefit Most from New SET Free Float Adjusted Index - kaohoon international,https://news.google.com/rss/articles/CBMiYEFVX3lxTE9mX3RqcUJNSkZVanU5dWxEdU84NmtxaDVwZ21zOGpoQ2J5am40Q004WHU2THdycWNuV2VNYjJHdmFNNmdUcXB1WF9tNkFUTnRIdHlIdkJDWVkxZklJRTRNcg?oc=5,kaohoon international
2024-03-30 07:00:00,5 Singapore Depository Receipts linked to Thai blue chips to trade on SGX from April 1 - The Straits Times,https://news.google.com/rss/articles/CBMiwgFBVV95cUxOTGpQbWFmaXgwRHpTd09mM0FjZTNpLTBwV1dvaEZGQkN5MHJndHpRbTVQRmZleVhrbkFOekFDcGV3b3lFZzhJSmIwQktyLWtOZFExMTlVeTJlX1dVMUM4YkdzM0N0RTFsMjJsdU5aZHZvWmdtYllSZFJVOWYzcXc2dWVMOGZqbDV1UmplVWlFOWdvUWZIc2FsQmtvSjhFalFBVC1TVEhqSVBYeTA1SWp1djFDeUFQcXZnQWhUdXBFd3VWZw?oc=5,The Straits Times
2024-04-09 07:00:00,Thailand’s Stock Market Report for March 2024 - kaohoon international,https://news.google.com/rss/articles/CBMiYEFVX3lxTE1pT2xYV2xCME1RMVQzQkVJMVV0S0tkdFJRMVJlQlZoTDNIcDVSOTNhajVJd1FYYlljVUtmNjRPcmo4T3JhRWVWUl9TTDZxWW1GX3g5Sl9zLVFwZ1hJU1dVQw?oc=5,kaohoon international
2024-05-16 07:00:00,How to Invest in Thailand - Moneyland.ch,https://news.google.com/rss/articles/CBMiXkFVX3lxTFBxYTRCNzA1Z3U2ckZGVWY3cExwNlB1WHZKd09CVFhfVjUxSlk1S25DTjQ3aUlyQ2x6eFpEZDhIMjVTbkZBRWY4eWtvUjFQcDI5M2Q3MEhhRlQ1R3YxaEE?oc=5,Moneyland.ch
2024-06-17 07:00:00,"BCP, BJC, ITC and TIDLOR Move Up to Thailand’s Blue-Chip SET50 - kaohoon international",https://news.google.com/rss/articles/CBMiYEFVX3lxTE5GcDhSZElzdFBZTjl0SzBoSEpnVEpQbkxMV2VqcHZwSkdXWTJDdmE1dGRNNnJLMDJLYzBFWmhkMUVHOWhnM0dtaTFmM0p2QURTb3hjbTV5djRWdnhDdDd4aA?oc=5,kaohoon international
2024-06-18 07:00:00,Building a Globally Diversified Portfolio: 5 Thai Blue-Chip Stocks To Look Out For - Syfe,https://news.google.com/rss/articles/CBMitAFBVV95cUxNNU1oUHFGbE12VDFLQXZvV25mSGE4MnUtcE5aNEMxSWstUXJna05OUk5NN3dzZE1mbFNVZnk5VkNjLXNRaV9VQ1RqT1VNc1dRVms4c0ZVTmp5U3ZLYXlBQk1pZFhFOWFCWnNXZG03aVI3b1AzTW5SQkdLb1FEYmFnXzhicmFsTkFwdzFZbm43dUtraHI1bDBHX2FwdHBEZmx0T1VPT0dIX2hMRHFvdDVYR3cxVks?oc=5,Syfe
2024-07-07 07:00:00,Social Security Fund looks to revamp investment portfolio - Nation Thailand,https://news.google.com/rss/articles/CBMidkFVX3lxTE1EWnp4YXhMc3dqRVlXOTg1cTFxMGVqenU4ZlhTenlxTHBQNVJjRlo1bV9PaWNPSW0zVTVrQXpYU1ZlUnBDOGFra1hTRk1xMER6YW0zVVVhdTd1Q2FZc19ka1laWnI5OVVSRjZXbWViNlJldTNtd0E?oc=5,Nation Thailand
2024-07-09 07:00:00,SET News : SET market report for June 2024 - SET,https://news.google.com/rss/articles/CBMiiAFBVV95cUxNc3FEc3k5bVJuMjczdzRqTVh5dGlYUEExNXBXMGdrUTJDR1pZM1pRbTU2M2RmU2Z1WFQ4Z3hveHB6TTUtOFY4Mk1KcjlzVXp4TkVuM2hKLXlabTlBWEsxTVJjTnNEVHdzWm9mVVJ4bzRyeGpCWjUtd2NWY3ZZcmdLWWxfTUpQN3BX?oc=5,SET
2024-08-07 07:00:00,SET News : (Correction) SET News: SET market report for July 2024 - SET,https://news.google.com/rss/articles/CBMiiAFBVV95cUxPWWpFVlRfdjQ0WkZYb2xpb0hQR3lzNkVOU0ZVZFJ0SFhlMXNFOUtFbjdzVVBySjNUY2JuSjZnU0dPSXEtRjR1Mk44a0x1Q2F1MENLaDRtT2JDczYwTnhkMG1KaHN1bWd6OS13NGQwcHVyWnMzUktKSU1ndUFxTzVNT1F2bW9zU09P?oc=5,SET
2025-02-05 08:00:00,"SET closed at 1,286.74 down 14.28 points (as of 05 Feb 2025) - Thailand Business News",https://news.google.com/rss/articles/CBMiqwFBVV95cUxNamczVll5WjlobENBTnF5cGVnSWpFY3Y3dEJDNjI1bzA4R3NnRWxfSF9meUlKblRZRWhCVDlKamdKQ21kSG1DTFFNOXk1eXdVR0xuWFNNazlqZnNFdDFMQjE3SFcxajlHeWY0RDBtUEdNNGpEeDJPVUtrb3pQSDBaQWVldDhZczZtbnZ2Q0VVRF9PZzVkaG8taFpjdlNWNERjdFVidlJZbHM3WFU?oc=5,Thailand Business News
2025-02-10 08:00:00,SET seeks to lessen large-cap tilt of indices - bangkokpost.com,https://news.google.com/rss/articles/CBMiowFBVV95cUxPRklzSkFTTEktTVVvSFJDVDJZQVBqN1Y3Nk1VUXZTd1JXZWo0a1pSUVdtQlo2Nk55S3RvVWsyeUVLRWc1bVNKWWxQbldpczZ3eUNlRHpXWUVnY1hXa09McG96a0l2b2N3dXU0Zzc5ZE4yVWZkUjdRWmFyRC1sbUtYdzVBdUZQak1lMVBQeUNLSEJfcjVZbUh4MlN4Ynk1RTUxWDc0?oc=5,bangkokpost.com
2025-03-03 08:00:00,"Why the SET Dropped Below 1,200: A Perfect Storm Shakes Thailand’s Stock Market - Thailand Business News",https://news.google.com/rss/articles/CBMixAFBVV95cUxPS2trWGhLVVVFMUZsYzVzVUVaWnRKeUM4bS0wbTNtcUhJakMxaldHYnhyM1hseWt1ekc1bF9vR1cxRFJ3NFgxcGQ1U1hDXy1PZEgzTVJKR20yWk05enFJVjFoOF9STHZyaGNHd1FRQWU5QXFDb1hZVDRTX2htbkoyUHhwQzdRSnIwMXBKY3JDQ3hXLXVycjBBMm1QR0d0aDFHNGt5aWRpRWxoQkpIZksyVG5uOHFlRHZSMW9JSnpDWXY2NVhk?oc=5,Thailand Business News
2025-03-12 07:00:00,"The SET Index stood at 1,176.17, showing a positive change of +5.97 - Thailand Business News",https://news.google.com/rss/articles/CBMinwFBVV95cUxNaHlfaTkxdlp3SXN4dEtOdnJ1TXVGNlgxaVdNUnl1bXhNT09lWFZJU0s3R1phZXk3TF9nWEduclE0WDNsc3ZFR1lqVk8wYzUtaTBGNjBoVEZxNWZuc0pwLWh1a2Fja3BqMXlzYXl3VXhkSDZJWUo1WGxVOTFQTjhQQ2lNbS1FaXVQVV9MM3ZMeHllazZBa1dzSElvc0dLVzg?oc=5,Thailand Business News
2025-03-12 07:00:00,SET News :SET market report for February 2025 - SET,https://news.google.com/rss/articles/CBMi2wFBVV95cUxOZk0taUI1NmZkLUJOMjJFbXJ4ZVJzZVFWQjFXT2VoZkhfeGFmU0tNV3Z5X2tvRUZ5dWZCbE5pVGZnUFBlQTRSVl8xTWtUZG5IR2huUW85Y2xfVU8yYTFjUm1XeFBlLU1jV1ZvTmhCOUVqUnVGNlBJX0FzeWRGNU5vcEs4SHJZOEdYRzBZRXBrZWozZ2lEUW1aVWJzeUpqek9aTElCb0FyRHh4cDRyNmxNMzhHYjdUQzhjZ1dKTFZocjNPRE04cEFNV21FUmlhbm0tU1JNU2pHc1BPdzA?oc=5,SET
2025-05-06 07:00:00,"ASPS Recommends TCAP, BCP and KKP ahead of SET50 Rebalance - kaohoon international",https://news.google.com/rss/articles/CBMiYEFVX3lxTFA1LWJTTXRKZVVwMEdQZE5SY3RwLXloSENHazVmMkJpcEIxUXd0WGlGZWxYeGdaZDk2aFFWbVJYVHozUldfREFRdkU1bEowa21FQUFnODV6QjNIN210dzdJZA?oc=5,kaohoon international
2025-06-05 07:00:00,"BCP, TCAP, TIDLOR and KKP Set to Join SET50 for 2H25 Rebalance - kaohoon international",https://news.google.com/rss/articles/CBMiYEFVX3lxTE9rT3c4aHp5NE9BNUMwR0hyN0I3MUpXdmRBSjVEVVFuelVqWUhhSERiNDh6Ql9ianM4UEVOTVZnSElPbFRLWi1UY0JfZThpVk01ZU1ZdmczdlZGWW9vVXRERQ?oc=5,kaohoon international
2025-06-17 07:00:00,"BCP, KKP, TCAP and TIDLOR to Trade in SET50 Index, Starting July 2025 - kaohoon international",https://news.google.com/rss/articles/CBMiYEFVX3lxTE52bldpX1ctYXJfVXN5NEljWXp5V3Y2Y0Nhd0J3MXJvSEl5ZHluTHZpMjV4UjhnU1MxYmxPT1JwR25DcTVtS2c4a3UyMXZmY1N1WEFiemVvdkU2SnFPcUJ1dQ?oc=5,kaohoon international
2025-06-19 07:00:00,SET News :Results of the semi-annual SET Index series review for second half of 2025 (Edited PDF File) - SET,https://news.google.com/rss/articles/CBMiwgJBVV95cUxOMHZSTHBDcUlTelZxYVQ2WkhnMlNvVnhJZzdoTVRnX3ZYOGlLYjhnQmM5cWRDaUoydzRjcE9Zdm1lOWZBZUU5ZW1IbGtLdktQMS1ZUmhMWXI3Umd0b0FhVXhLY3NTUVVIcV9ES0hZTnp5SGpma3p5N2hRU0podEZCVG1mTFJuOE4wQVlSVzJZbjBfREtMLXh4SUdETFVPQzJfdzJXQTQzXzlTc2RsUmlaMEZ6MEVXZXF3cnl4ZkMzNWZMeXFqZGE5QmVLX21hd0JGcl94Q0kxYU42TkRsRWNWd3REZWpVZm9ORWNkU1FTOUhyOU5rX2dHSTVMY210MmV6RVczNGpKT3MxTWJ5UzI0ZUU2MThDNUV1bDc3d3AzMEZzRXhaSlRZdW5oWnFXeDlkdmktUEgwUS1yWnlTRzRHcS1R?oc=5,SET
2025-06-22 07:00:00,"SGX launches six more depository receipts for Hong Kong, Thai names - Yahoo Finance Singapore",https://news.google.com/rss/articles/CBMiiAFBVV95cUxPck9vNmFVdlhYdzRfY21ncEg2WU9SRXpUQVRHMW5yYm5MLXVOQkhvU0toeFlVMTVaSUtXZGstVy15alZXRmFON1F1cTd1MGNvR2R6LTZSa0YzOG9WMFg3S0tCXzI5aUJsU01rS3hHOVdFYlUwSmgxdE1DczdMQ3ZEaWl6dFJJZ1cy?oc=5,Yahoo Finance Singapore
2025-06-23 07:00:00,Expanded HK and Thai SDR suite now track around 50% of the Hang Seng Index and SET50 Index - Singapore Exchange (SGX),https://news.google.com/rss/articles/CBMiugFBVV95cUxOZUpWT0xQNmZTMFFmaV9KX1lwcmV0clowVDVrbWNpMXpObl9yemVwQXRta2k5NDM1RmZjSWdNVVdFVUhKcWRMQklsZENOS2lGZjVJS0NfUlFWcUFSemNMd3hQOWY4eGRpaXlYdmtyUWJfM0dHTGtJcDg5MnRfMXhOT3QzMFRGYnJvdVp6aDhVNGZSRVB5ZF9xYk5mMkVLNlg3MXhFcXROQk9fVDhqNjlFcVZvNnE4U194cVE?oc=5,Singapore Exchange (SGX)
2025-06-23 07:00:00,SET News :SET announces temporary measures on Ceiling & Floor limits and Dynamic Price Band to address volatility - SET,https://news.google.com/rss/articles/CBMiiAFBVV95cUxPRWdKcm14R1prd0RZX0pYM0xOY1JPSjctOEkwR3NSMkRxcFdYU3dCZTR3WENrNW4yZWlCbTRVbXoyeGVyOUxDM01qU3VhZXY4aURyVUVyYmJEY1pPRjJkekc2eExySlk3MWZNNmlUSlROcE1nMzVTeVlCMmNEMnhYS2FfQnpTcjlY?oc=5,SET
2025-06-23 07:00:00,SGX lists 6 new Singapore Depository Receipts: 3 HK mega-caps and 3 Thai names - The Business Times,https://news.google.com/rss/articles/CBMixwFBVV95cUxNMGVwSjNEVXByTXV0bnVZYkZDMXU5UTRrVlJaak1kTTlMRGFnNE5vMzN3SWNqUjVCdDB4bFNSMExuYmRIZ1czN3ljY3BSSFR1VERwN1hRTjY2Z0piTTdWOGVwY2JtN0h6T1VHVWtMaVRqbUNDWER3V25tUTFCeC04VjdvSFRlc2JSV1FLQ0l5WmxWMV9ISGs3ZmEycmk0T0NmbzZzYVByYjV5eEduVDJvbW9qcExCM28wbUtCV0Z0M3FGeUQ3RFd3?oc=5,The Business Times
2025-06-30 07:00:00,Thai Stock Market Outlook on 30 June 2025 - kaohoon international,https://news.google.com/rss/articles/CBMiYEFVX3lxTE5Uc3NTb0pIVDc0RWlINU41ZkkyS0JaSzBZSXNlV2k1RVo0UmUzRUx2ODliUG42aXU2cjE3UTlKN2U3aEJlZWJsaFJzaWJyX3dZMHMzR2w2ekRPUXBfRy03Nw?oc=5,kaohoon international
2025-07-12 07:00:00,"SMIC, JD.com, PetroChina, BDMS, CP Foods & Gulf: 6 New Overseas Stocks That You Can Invest On The SGX Via Singapore Depository Receipts (SDRs) - DollarsAndSense.sg",https://news.google.com/rss/articles/CBMi4AFBVV95cUxOcmU4RkdVeW84ZEtyN1U5a00wMGZkVFZ6VFFsUE54Ynl3ekdsbUpULTYybnFaVjV5VmdmNlZCMXVWakdsQkF6dGxTRTc0aGJEN0tsandaWmcyUUVNbEJNTjZZWWI2dXV5S3MyWGhFM0VJUmdrTXM3QWhoMkpIbUkwOVRyc1hwNlZhX0NhOXowaW9mMVBseWF1dlJFRkhFU2E4QnJBUC13NDV0ekU5c09uU0JHQVM2TzF2REJLbXBRem5tNWFZWXR6WkdlbGFyS0dhYkY0aEpqcVp2UHhGS3pXRw?oc=5,DollarsAndSense.sg
2025-08-06 07:00:00,Thai Airways Surges 15% amid Strong Demand from Institutional Investors for Next SET50 Review - kaohoon international,https://news.google.com/rss/articles/CBMiYEFVX3lxTE56UVRaeDhqT3dOSlpsdVBlQVBiX3I3WVFOMW9DWGZFM2lRVENwTG9tRmVXdS10OUVTNHgyemZOdzU2cEpLOTRLOFdEZGNkM290MTdQOE9GQUp6bVY0bGl1cA?oc=5,kaohoon international
2025-08-15 07:00:00,Thai Airways Emerges as SET Driver following 70% Price Increase with THB500 Billion Market Cap - kaohoon international,https://news.google.com/rss/articles/CBMiYEFVX3lxTE1oMW9HWGg0WUNiQXBBQmlVV01qanFQbjdOeXVmRnhhNmpKOWpzdGVDYjVidWFGR2Q1M0d4MThBSVRyckFFbVFkNmdfV2JzYTlQTkl6RkFoUVBCRmZZamhaLQ?oc=5,kaohoon international
2025-08-21 11:39:46,Thai-Vietnam-Tech Equity Funds Deliver Outstanding Returns - Money & Banking Magazine - วารสารการเงินธนาคาร,https://news.google.com/rss/articles/CBMiWEFVX3lxTE1QYkxhQ2gtOHhackRfd05wbTFoZklGVVRWWEJlSVpFTlhHa1c1c3pjWFNXUnVZOHBRT0k3d0xuV2YyYlNjakpJbVhwLUpLV095V1V2b1hPS0U?oc=5,วารสารการเงินธนาคาร
2025-08-25 07:00:00,Thai Airways Aims for THB190 Billion Top Line and SET50 Listing - kaohoon international,https://news.google.com/rss/articles/CBMiYEFVX3lxTE1HWEw1WnEwZ25qSFdfMm1pZXFDaW1WYmV5am1pMW9yTHlCdGY4dEVMUzQtMDdZc2s0Zy1zakppaDZUZWs3OTAwejFpRjVmaHowRWtaR21rdlJOUmZLRncwMA?oc=5,kaohoon international
2025-09-23 07:00:00,Thai Stock Market Outlook on 23 September 2025 - kaohoon international,https://news.google.com/rss/articles/CBMiYEFVX3lxTFByeEVNRjBUdm1mNXN5alg5OUxqcGRpTGdHLTliTWR3WDVNc0Q0d1pqVVpXamI3dWhrS1dSVUpDdUo0MGZXcDRPM0RZem5NaVIxOWpGanJCaDlnZWpzYnBVaw?oc=5,kaohoon international
2025-10-20 07:00:00,SAWAD and ITC Poised for SET50 Entry in 2026 - kaohoon international,https://news.google.com/rss/articles/CBMiYEFVX3lxTE5lSkFGcmxOMFB1MHVZQ2VsS19ZWkxaeFpzX2ZSY2o0QURFY2wzemRTZGpCaVJvQllqLWdIY1ZNZkVRRm9tUzZ4a281cFUxTFhmMEZ1alpCWkdOb3dTXzIzRw?oc=5,kaohoon international
2025-10-21 07:00:00,JPMorgan Recommends Switching to DW amid Volatility in Thai Market - kaohoon international,https://news.google.com/rss/articles/CBMiYEFVX3lxTFAtaHJ6WHYzUExEb0tjdE1LbnhCS1ZJdk90WllZSS1vTllld3pqYm5uTTVJV1pGUjVEYlNsWjFxNjg0eWJaWngzYVMweGhnUFF5b2FZSmZLSnhlNVFHX0tDZA?oc=5,kaohoon international
2025-10-28 07:00:00,"SET50 Index Rebalance Preview: Two Changes in Dec, Big DELTA Capping - Smartkarma",https://news.google.com/rss/articles/CBMipAFBVV95cUxOQUE2MzI5OU1pWUd2aV9mVVlyMGJsTTk5SnpkWUVQVzBXVVdMLW5ONldFVUx3MW9xUEpNblA4QjRzblVVS0NQdFl1enJNOWdPUGxlbDVpSWhVbXdSME5La1kzdUZPT3FRVzBhaW9CYXJ1b0N4MGlWTVlhNmlDanZvRlhfd3EzdzNzcm9jYWxIbXNKUHBIS1J4Q3NMYlFDTjVkaEZhNg?oc=5,Smartkarma
2025-11-06 08:00:00,"Broker Sees SAWAD, ITC Added to SET50, Suggesting Short-Term Speculative Buy - kaohoon international",https://news.google.com/rss/articles/CBMiYEFVX3lxTFBmQlY2ZGV0cHNkMHZqbEp1Mko0cGl1Zmp3UkRoS3Z4cVByb2lBb2RXTWw2eHFra2tlWDBHaWRDdUllMDExdzNxSTl1TDVXSGJ1Wk9nY3JhS29iajlDa2R5MA?oc=5,kaohoon international
