source,access_method,frequency,date_range,symbols,columns,license_note,raw_file_path,missing_value_rate
synthetic_pilot,generated locally,daily,2021-01-01 to 2024-12-31,PTT.BK;AOT.BK;CPALL.BK;KBANK.BK;ADVANC.BK,date;ticker;open;high;low;close;volume;market_return_1d;macro_rate_change;sentiment_score,Synthetic data for pipeline tests only. Not valid for research findings.,data/raw/prices_pilot.csv,0.0
yahoo_thai_ohlcv,Yahoo Finance via yfinance,daily,2021-01-04 to 2024-12-30,ADVANC.BK;AOT.BK;CPALL.BK;KBANK.BK;PTT.BK,date;ticker;open;high;low;close;volume;market_return_1d;macro_rate_change;sentiment_score,Yahoo Finance data access through yfinance; verify usage rights before publication.,data/raw/prices_real_ohlcv.csv,0.0
yahoo_thai_market_indices,Yahoo Finance via yfinance,daily,2021-01-04 to 2024-12-30,set:^SET.BK,date;ticker;open;high;low;close;volume;source_index,Yahoo Finance index data access through yfinance; verify usage rights before publication.,data/raw/prices_market_indices.csv,0.0
set_pilot_sector_mapping,SET public listed-company and index constituent classifications,static,2026-05-31,ADVANC.BK;AOT.BK;CPALL.BK;KBANK.BK;PTT.BK,ticker;sector;industry_group;source;source_url;notes,SET public website classifications used for pilot feature engineering; verify licensing before publication.,data/reference/sector_mapping_thai_pilot.csv,0.0
yahoo_macro_proxies,Yahoo Finance via yfinance,daily,2021-01-01 to 2024-12-30,brent:BZ=F;gold:GC=F;us10y:^TNX;usdthb:USDTHB=X;wti:CL=F,date;ticker;open;high;low;close;volume;source_macro,Yahoo Finance macro proxy data access through yfinance; verify usage rights before publication.,data/raw/prices_macro_yahoo.csv,0.0
yahoo_financial_statements,Yahoo Finance via yfinance,annual_and_quarterly,2021-09-30 to 2026-03-31,ADVANC.BK;AOT.BK;CPALL.BK;KBANK.BK;PTT.BK,ticker;statement_type;metric;period_end;value,Yahoo Finance fundamentals data access through yfinance; verify usage rights before publication.,data/raw/fundamentals_yahoo_quarterly.csv,0.0
yahoo_news_latest,Yahoo Finance news via yfinance,event,2025-06-24 to 2026-03-31,ADVANC.BK;AOT.BK;KBANK.BK;PTT.BK,date;published_at;ticker;title;summary;publisher;url;text;source,Yahoo Finance news access through yfinance; verify usage rights before publication.,data/raw/news_yahoo_latest.csv,0.0
bot_official_leading_indicator,Bank of Thailand BOTWEBSTAT public statistics table,daily,2025-11-01 to 2026-04-01,EC_EI_002_S2:authorized_capital_of_newly_registered_companies_million_baht;EC_EI_002_S2:broad_money_at_2000_prices_million_baht;EC_EI_002_S2:business_sentiment_index_3_months;EC_EI_002_S2:construction_areas_permitted_1000_sq_m;EC_EI_002_S2:export_volume_index_exclude_gold;EC_EI_002_S2:index_change;EC_EI_002_S2:leading_economic_index;EC_EI_002_S2:oil_price_inverse_index_dubai;EC_EI_002_S2:set_index,date;release_date;metric;metric_label;value;source_table;source;ticker;open;high;low;close;volume,Bank of Thailand public statistics; verify terms of use before publication.,data/raw/bot_official_macro.csv,0.0
yahoo_thai_sector_indices_probe,Yahoo Finance via yfinance sector-index candidate probe,daily,2021-01-04 to 2024-12-30,bank:^BANK,date;ticker;open;high;low;close;volume;source_sector;source_symbol,Yahoo Finance sector-index candidate data access through yfinance; verify usage rights before publication.,data/raw/prices_sector_indices_yahoo.csv,0.0
